case_number,case_id,instruction,target,arm,preparation,labels,independent_cases,repeats,agreement,coverage,all_matching,all_resolved_consistent,pairwise_inconsistency,resolved_pairwise_disagreement,atomic_inconsistency,transport_or_schema_failed_draws
1,aurora-task-49616ac011dcfc46a053::magic_reproduce_epoch=47-step=12999,transform the black DVD into a white DVD,no,combined,audit_rejected,"[null, null, null, null, null]",1,5,0.0,0.0,False,False,1.0,,,5
1,aurora-task-49616ac011dcfc46a053::magic_reproduce_epoch=47-step=12999,transform the black DVD into a white DVD,no,separated,audit_rejected,"[null, null, null, null, null]",1,5,0.0,0.0,False,False,1.0,,,5
2,aurora-task-4d9932789529604a30e8::finetune_magicbrush_ag_something_kubric_15-15-1-1_init-magic_first_epoch=02-step=41999,Make her close her jacket fully,yes,combined,audit_rejected,"[null, null, null, null, null]",1,5,0.0,0.0,False,False,1.0,,,5
2,aurora-task-4d9932789529604a30e8::finetune_magicbrush_ag_something_kubric_15-15-1-1_init-magic_first_epoch=02-step=41999,Make her close her jacket fully,yes,separated,audit_rejected,"[null, null, null, null, null]",1,5,0.0,0.0,False,False,1.0,,,5
3,aurora-task-52fd3fa52d915723d12d::mgie,Change the image into pencil drawing,partial,combined,ready,"[""yes"", ""yes"", ""yes"", ""yes"", ""yes""]",1,5,0.0,1.0,False,True,0.0,0.0,0.0,0
3,aurora-task-52fd3fa52d915723d12d::mgie,Change the image into pencil drawing,partial,separated,ready,"[""yes"", ""partial"", ""yes"", ""yes"", ""yes""]",1,5,0.2,1.0,False,False,0.4,0.4,0.2,0
4,aurora-task-538ef5e1e9d068bbfe6d::magic_reproduce_epoch=47-step=12999,Give the woman a helmet,yes,combined,audit_rejected,"[null, null, null, null, null]",1,5,0.0,0.0,False,False,1.0,,,5
4,aurora-task-538ef5e1e9d068bbfe6d::magic_reproduce_epoch=47-step=12999,Give the woman a helmet,yes,separated,audit_rejected,"[null, null, null, null, null]",1,5,0.0,0.0,False,False,1.0,,,5
5,aurora-task-65581617ad341fa398cb::magic_reproduce_epoch=47-step=12999,Change the background into a basketball court,yes,combined,ready,"[""yes"", ""yes"", ""yes"", ""yes"", null]",1,5,0.8,0.8,False,False,0.4,0.0,0.4,1
5,aurora-task-65581617ad341fa398cb::magic_reproduce_epoch=47-step=12999,Change the background into a basketball court,yes,separated,ready,"[""yes"", ""yes"", ""yes"", ""partial"", null]",1,5,0.6,0.8,False,False,0.7,0.5,0.4,1
6,aurora-task-7b78f1229d9bb014bcc5::finetune_magicbrush_ag_something_kubric_15-15-1-1_init-magic_first_epoch=02-step=41999,Move the mug to the right of the headphones,partial,combined,audit_rejected,"[null, null, null, null, null]",1,5,0.0,0.0,False,False,1.0,,,5
6,aurora-task-7b78f1229d9bb014bcc5::finetune_magicbrush_ag_something_kubric_15-15-1-1_init-magic_first_epoch=02-step=41999,Move the mug to the right of the headphones,partial,separated,audit_rejected,"[null, null, null, null, null]",1,5,0.0,0.0,False,False,1.0,,,5
7,aurora-task-88caae46533b0440f452::finetune_magicbrush_ag_something_kubric_15-15-1-1_init-magic_first_epoch=02-step=41999,Move the book behind the flower,no,combined,audit_rejected,"[null, null, null, null, null]",1,5,0.0,0.0,False,False,1.0,,,5
7,aurora-task-88caae46533b0440f452::finetune_magicbrush_ag_something_kubric_15-15-1-1_init-magic_first_epoch=02-step=41999,Move the book behind the flower,no,separated,audit_rejected,"[null, null, null, null, null]",1,5,0.0,0.0,False,False,1.0,,,5
8,aurora-task-9a1ea55edac097679512::mgie,Stuffing the paper into the cup,no,combined,audit_rejected,"[null, null, null, null, null]",1,5,0.0,0.0,False,False,1.0,,,5
8,aurora-task-9a1ea55edac097679512::mgie,Stuffing the paper into the cup,no,separated,audit_rejected,"[null, null, null, null, null]",1,5,0.0,0.0,False,False,1.0,,,5
9,aurora-task-bfa82afe32a86d47dfdf::finetune_magicbrush_ag_something_kubric_15-15-1-1_init-magic_first_epoch=02-step=41999,Make this look like a comic book photo,no,combined,audit_rejected,"[null, null, null, null, null]",1,5,0.0,0.0,False,False,1.0,,,5
9,aurora-task-bfa82afe32a86d47dfdf::finetune_magicbrush_ag_something_kubric_15-15-1-1_init-magic_first_epoch=02-step=41999,Make this look like a comic book photo,no,separated,audit_rejected,"[null, null, null, null, null]",1,5,0.0,0.0,False,False,1.0,,,5
10,aurora-task-ce641cb29939011016cc::mgie,Turn the image into a drawing made from chalk,partial,combined,ready,"[""yes"", ""yes"", ""yes"", ""yes"", ""yes""]",1,5,0.0,1.0,False,True,0.0,0.0,0.0,0
10,aurora-task-ce641cb29939011016cc::mgie,Turn the image into a drawing made from chalk,partial,separated,ready,"[""yes"", ""yes"", ""yes"", ""yes"", ""yes""]",1,5,0.0,1.0,False,True,0.0,0.0,0.0,0
11,aurora-task-e0f9b97dc3bc00415cf2::mgie,Put a frog in the toilet,partial,combined,audit_rejected,"[null, null, null, null, null]",1,5,0.0,0.0,False,False,1.0,,,5
11,aurora-task-e0f9b97dc3bc00415cf2::mgie,Put a frog in the toilet,partial,separated,audit_rejected,"[null, null, null, null, null]",1,5,0.0,0.0,False,False,1.0,,,5
12,aurora-task-f335b1c6c0f2062b2cfd::finetune_magicbrush_ag_something_kubric_15-15-1-1_init-magic_first_epoch=02-step=41999,the small gray rubber cylinder becomes brown,yes,combined,audit_rejected,"[null, null, null, null, null]",1,5,0.0,0.0,False,False,1.0,,,5
12,aurora-task-f335b1c6c0f2062b2cfd::finetune_magicbrush_ag_something_kubric_15-15-1-1_init-magic_first_epoch=02-step=41999,the small gray rubber cylinder becomes brown,yes,separated,audit_rejected,"[null, null, null, null, null]",1,5,0.0,0.0,False,False,1.0,,,5
