case,instruction,repeat_1,repeat_2,repeat_3,repeat_4,repeat_5,final_mode,final_agreement_count,vector_agreement_count,minimum_condition_agreement_count,resolved_draws,model_unknown_draws,incomplete_draws
J01,Make them close the curtains,no,unresolved,no,no,no,no,4,2,2,4,0,1
J02,Make her grab the book from the shelf,no,no,no,no,no,no,5,5,5,5,0,0
J03,Close the laundry machine door,unresolved,unresolved,unresolved,unresolved,unresolved,,0,0,0,0,5,0
J04,Make them stand up fully upright looking at their hands,no,no,no,no,unresolved,no,4,4,4,4,1,0
J05,the tiny yellow cylinder turns brown,no,no,no,no,no,no,5,5,5,5,0,0
J06,make the purple sphere smaller,no,no,no,no,no,no,5,5,5,5,0,0
J07,remove the green shiny block,no,no,no,no,no,no,5,3,3,5,0,0
J08,the tiny yellow object turns purple,no,no,unresolved,unresolved,unresolved,no,2,2,2,2,3,0
J09,I want this as a watercolor,partial,partial,partial,partial,partial,partial,5,5,5,5,0,0
J10,Make the image look like a cartoon,partial,partial,partial,partial,partial,partial,5,5,5,5,0,0
J11,turn this photo into a picasso painting,partial,partial,partial,partial,partial,partial,5,5,5,5,0,0
J12,Change the style to Cubism,no,unresolved,no,partial,partial,no;partial,2,2,3,4,0,1
J13,Pick up the egg with the right hand,partial,partial,partial,partial,yes,partial,4,4,4,5,0,0
J14,Lift the frying pan up,partial,no,no,no,no,no,4,4,4,5,0,0
J15,Let the paper towel fall down,partial,unresolved,unresolved,partial,no,partial,2,2,3,3,2,0
J17,shift the position of the vintage metal alarm clock above the toy squirrel,unresolved,unresolved,unresolved,unresolved,unresolved,,0,0,0,0,5,0
J18,add 2 white square saucer to the scene,no,no,no,no,no,no,5,4,4,5,0,0
J19,remove 2 shark from the image,no,no,no,partial,no,no,4,4,4,5,0,0
J20,place the CARSII on the right of the green-purple pencil case,unresolved,no,unresolved,unresolved,no,no,2,2,3,2,1,2
J21,Put a dragonfly on the dog's ear,unresolved,no,unresolved,no,no,no,3,2,3,3,1,1
J22,make the catcher laugh,unresolved,partial,partial,partial,partial,partial,4,4,4,4,0,1
J23,Let the toilet bowl have a lid,no,unresolved,no,no,no,no,4,3,4,4,0,1
J24,Put down the seat,no,no,no,no,no,no,5,3,3,5,0,0
J25,Flip the bottle upside down,no,no,no,no,no,no,5,4,4,5,0,0
J26,Drop the glass on top of the pills,no,no,no,no,no,no,5,5,5,5,0,0
J27,Unfold cloth,partial,partial,partial,partial,partial,partial,5,4,4,5,0,0
J28,Moving cup away from pen,no,unresolved,no,no,no,no,4,4,4,4,1,0
J29,Move the bowl to the left of the flower,partial,partial,no,partial,partial,partial,4,4,4,5,0,0
J30,Move the can to the right of the knife,unresolved,unresolved,unresolved,no,no,no,2,2,2,2,3,0
J31,Move the bowl on the armchair,no,no,no,no,no,no,5,5,5,5,0,0
J32,Move the sunglasses under the chair,no,unresolved,no,no,unresolved,no,3,3,3,3,2,0
N01,Make the person walk down the stairs,no,unresolved,no,no,unresolved,no,3,2,3,3,2,0
N04,Make her close her jacket fully,unresolved,unresolved,unresolved,unresolved,unresolved,,0,0,0,0,5,0
N14,Turn the blue cube gray,partial,partial,partial,partial,partial,partial,5,5,5,5,0,0
N16,remove the tiny blue shiny object,partial,partial,partial,partial,partial,partial,5,5,5,5,0,0
N20,Make this look like a comic book photo,yes,yes,unresolved,yes,yes,yes,4,4,4,4,0,1
N24,Change the background in oil painting,yes,yes,unresolved,yes,yes,yes,4,4,4,4,0,1
N25,Put both hands around the plate,no,no,no,no,no,no,5,4,4,5,0,0
N31,Open the sandwich maker and place the sandwich inside,no,no,no,unresolved,no,no,4,3,4,4,0,1
N35,put the yellow nesquik chocolate powder canister on the right hand of the red towel,unresolved,unresolved,unresolved,unresolved,partial,partial,1,1,1,1,4,0
N38,Swap the positions of the two objects,no,no,no,no,no,no,5,5,5,5,0,0
N42,let there be patties in the pan,no,yes,no,partial,partial,no;partial,2,2,2,5,0,0
N43,put banana shaped candles in the candle holder,no,no,no,no,unresolved,no,4,1,2,4,0,1
N46,Give the woman a helmet,partial,partial,partial,partial,partial,partial,5,5,5,5,0,0
N48,Add a giraffe in the field,yes,yes,yes,yes,yes,yes,5,5,5,5,0,0
N50,Tipping sign over,no,no,no,no,no,no,5,5,5,5,0,0
N54,Putting egg into the bowl,partial,partial,partial,partial,partial,partial,5,5,5,5,0,0
N57,Move the cap to the right of the candle,unresolved,unresolved,unresolved,unresolved,unresolved,,0,0,0,0,5,0
N59,Move the pot to the right of the chair,no,no,no,no,no,no,5,5,5,5,0,0
N64,Move the oven mitt under the chair,no,no,no,no,no,no,5,5,5,5,0,0
