case,repeat,condition_id,outcome,source_observation,edited_observation,status,rationale
J03,1,cond1,completed,"A front-loading laundry machine is visible, and its round door is swung open toward the left, leaving the drum opening exposed.","The edited image shows blue machines or cabinets, but the source laundry machine and its round door are not identifiable; the door's state cannot be assessed.",unknown,"The target door from the source is not visible or identifiable in the edited image, so it is not possible to determine whether it was closed."
J03,1,cond2,completed,"The source shows a person beside a front-loading laundry machine with its round door open. Wooden louvered doors are on the left, and a narrow window or glass panel is on the right.","The edited image shows blue machines or cabinets in the room, with wooden paneling at left and a glass panel at right. The person and the front-loading laundry machine visible in the source are not shown, so the rest of the scene cannot be reliably matched or assessed for preservation.",unknown,"The edited view differs substantially from the source framing and does not show the target laundry machine or person. Although some surrounding features appear similar, the images do not provide enough corresponding scene detail to determine whether the rest of the scene was preserved."
J10,1,cartoon_style_applied,completed,"The entire image is a realistic bedroom scene with natural-looking furniture, curtains, bedding, and lighting; there are no clear cartoon-style features.","The bedroom scene remains largely photorealistic, with realistic textures and lighting. A small picture on the wall has been changed to a colorful, cartoon-like drawing, but the rest of the image is not stylized.",partial,"There is visible cartoon styling in the small wall picture, but it is limited to that element while the rest of the image remains photorealistic. This is a recognizable but incomplete application of cartoon style."
J10,1,source_scene_preserved,completed,"The source shows a bedroom with patterned curtains and a window, a dark dresser, two folding luggage stands with bags, a small framed picture on the wall, and part of a bed and orange chair in the foreground.","The edited image retains the same bedroom layout and recognizable furnishings, including the curtains, dresser, luggage stands and bags, bed, and orange chair. The wall picture has changed to a colorful cartoon-like drawing, while most of the scene still appears photographic rather than consistently cartoon-rendered.",complete,"The condition concerns preservation of the source scene, not whether every part was successfully converted to cartoon style. The main scene, background, and primary subjects remain clearly recognizable in the edited image; the altered wall picture is a minor change and does not replace the scene."
J13,1,cond1,completed,"The egg is on the counter near the upper center, between the two hands. The right hand is on the image’s right side and is reaching toward the egg; it is not visibly holding it.","The right hand on the image’s right side is visibly holding the egg, with the fingers curled around it and the egg lifted above the counter.",complete,"The same right hand identified by its position in SOURCE clearly grasps and lifts the egg in EDITED, meeting the complete criterion."
J13,1,cond2,completed,"The source shows a kitchen counter with papers and small items at the upper left, a dark countertop, a pan at the upper right, and the person’s arms and torso. A small egg rests on the counter near the person’s hands.","The edited image retains the same kitchen setting, counter items, pan, and person. The egg is now held in the right hand; the left hand remains over the counter. The framing and body position differ slightly, but the overall scene is preserved.",partial,"Most of the source scene remains recognizable and in place, with no major unrelated additions or removals. There are minor differences in framing and positioning, so preservation is not exact; under the stated criteria this is partial."
J03,2,cond1,completed,"A front-loading laundry machine is visible, and its round door is open, with the opening and inner drum visible.","The edited image shows blue machines or cabinets, but the source laundry machine and its round door are not identifiable; the door's state cannot be seen.",unknown,"The specific laundry machine door identified in the source is not visible in the edited image, so it is not possible to determine whether it was closed."
J03,2,cond2,completed,"The source shows a person beside a front-loading laundry machine with its round door open. Wooden louvered doors are on the left, and a narrow window or glass panel is on the right.","The edited image shows blue machines or cabinets in the room, with wooden paneling at left and a glass panel at right. The person and the front-loading machine visible in the source are not shown, so the laundry door and the rest of the scene cannot be matched reliably.",absent,"The edited image substantially changes the visible scene: the person and front-loading laundry machine are replaced by blue units, and the room layout and visible contents differ. This goes beyond closing the laundry door and meets the criterion for absent."
J10,2,cartoon_style_applied,completed,"The source is a realistic bedroom scene with patterned curtains, furniture, a bed, and a small framed picture on the wall. The image has natural photographic textures and lighting, without visible cartoon styling.","The edited image remains largely photographic, with realistic curtains, furniture, bedding, and room textures. The small wall picture has become a brightly colored, cartoon-like drawing with bold outlines, but the rest of the scene is not visibly cartoonized.",partial,"There is recognizable cartoon styling in the wall picture, but it is limited to that small area while the rest of the image remains photorealistic. This is an incomplete, mixed application of cartoon style."
J10,2,source_scene_preserved,completed,"The source shows a bedroom with patterned curtains and a window, a dark dresser, two folding luggage stands with bags, a small wall picture, a bed, and a coral-colored chair in the foreground.","The edited image retains the same bedroom layout and recognizable furnishings, including the curtains and window, dresser, luggage stands and bags, bed, and foreground chair. The wall picture has changed to a brightly drawn cartoon-like image, but most of the scene still appears photographic rather than cartoon-rendered.",complete,"The criterion concerns whether the source scene and primary subjects remain recognizable after the requested cartoon edit. They are clearly present in the edited image, so the scene is preserved. The limited cartoon-like treatment does not replace or obscure the scene; this judgment does not assume that the entire image was successfully cartoonized."
J13,2,cond1,completed,"The egg is on the countertop near the upper center, and the right hand approaches it from the right without visibly holding it.",The same right hand is visibly cupping and holding the egg above the countertop; the fingers contact its sides and underside.,complete,"In EDITED, the egg is clearly grasped and lifted by the right hand, matching the hand on the right side of SOURCE. This meets the complete criterion."
J13,2,cond2,completed,"The source shows a kitchen counter with papers and small items at the upper left, a dark countertop, a pan at the upper right, and the person’s arms and torso. A small egg rests on the counter near the person’s hands.","The edited image retains the same kitchen setting, counter items, pan, and person. The egg is now held in the right hand; the left hand remains over the counter. The framing and body position differ slightly, but the overall scene is preserved.",partial,"Most of the source scene remains recognizable and in place, with no major unrelated additions or removals. There are slight shifts in framing and scene positioning, which count as minor unrelated changes under the preservation criterion, so this is partial rather than complete."
J03,3,cond1,completed,"A front-loading laundry machine is visible, and its round door is swung open toward the left, leaving the drum opening exposed.","The edited image shows blue machines or cabinets, but the source laundry machine and its round door are not identifiable; the door's state cannot be assessed.",unknown,"The target door from the source is not visible or identifiable in the edited image, so it is not possible to determine whether it was closed."
J03,3,cond2,transport_error,,,,
J10,3,cartoon_style_applied,not_run,,,,
J10,3,source_scene_preserved,not_run,,,,
J13,3,cond1,not_run,,,,
J13,3,cond2,not_run,,,,
